admin5,Adrien
teach4,Alethia
admin2,Alyssa
stud25,Anamaria
admin29,Annmarie
stud14,Arianne
stud36,Art
admin12,Augusta
stud44,Augusta
stud21,Barry
contr3,Bertha
teach38,Bethel
teach42,Beulah
stud47,Brande
stud45,Brittany
admin43,Britteny
stud9,Burt
teach21,Caridad
stud30,Carina
stud6,Carleen
admin37,Carlota
teach16,Carlota
admin26,Carmel
teach1,Carmelita
enco2,Carmella
stud35,Carmon
stud7,Caron
admin45,Carri
stud32,Carter
mark6,Celina
mark12,Charise
stud16,Charley
admin19,Cherlyn
teach17,Cherri
teach50,Clementine
mark3,Consuela
teach49,Darell
teach24,Darren
stud42,Demetria
teach7,Denyse
teach31,Devora
enco11,Divina
stud27,Dodie
part14,Donella
stud12,Donnell
teach34,Dorian
admin49,Edra
enco12,Elease
teach12,Elidia
admin27,Elisa
teach11,Elsy
teach27,Emerald
stud33,Emile
stud10,Enedina
teach19,Estell
enco6,Estell
stud28,Ethan
part8,Evelyne
admin3,Evita
admin28,Fatima
admin39,Fernanda
teach2,Fletcher
part2,Flo
teach44,Franklin
teach25,Gala
mark13,Gale
stud31,Genie
stud48,Ghislaine
enco3,Glenna
teach20,Glennie
stud20,Glennis
part5,Harley
admin10,Ja
enco9,Jacelyn
admin20,Jada
teach5,Jaime
teach39,Jared
admin38,Jarred
teach35,Jc
admin41,Jeanette
teach46,Jed
enco5,Jeremiah
teach14,Joaquin
teach15,Joeann
part4,Jonie
mark1,Judie
admin36,Judith
teach33,Kaila
teach37,Kalyn
stud39,Karyl
stud13,Kathaleen
stud18,Katheryn
part7,Kathey
admin14,Kaycee
teach22,Kaye
part3,Kimberely
teach3,Kirby
mark11,Kit
admin34,Kristeen
stud3,Lai
teach28,Lai
teach9,Lakisha
part11,Lan
enco10,Latoria
enco13,Lauren
enco7,Lean
contr5,Lenna
admin13,Leonard
enco1,Lindsey
teach29,Ling
teach45,Lino
mark4,Louann
stud23,Louvenia
admin23,Love
admin35,Lucie
teach48,Lucile
stud37,Luigi
admin1,Madie
admin32,Madonna
stud49,Malcolm
admin48,Malia
stud2,Malinda
stud38,Mammie
admin4,Marietta
stud19,Marylou
admin42,Melaine
teach6,Melania
enco8,Melia
admin47,Mellie
contr4,Mellie
teach41,Melvin
admin15,Merlin
part13,Meta
admin9,Miguelina
teach32,Mika
contr1,Mimi
stud26,Mittie
stud40,Monet
teach30,Monserrate
part1,Nancee
admin16,Neida
stud34,Neil
drive2,Nestor
stud11,Nicolas
mark15,Norene
teach18,Olen
stud29,Oralee
stud43,Pandora
stud50,Patsy
admin24,Quincy
stud8,Rana
contr2,Rebekah
mark2,Reena
admin46,Renate
admin11,Reva
part10,Rina
teach23,Rolando
teach10,Rosenda
admin40,Ruby
mark14,Savanna
stud5,Selina
stud22,Sena
mark8,Shanon
admin8,Sharda
admin31,Sharee
mark10,Sharita
stud17,Sharron
part9,Shaunta
stud46,Sheila
stud1,Shenika
stud4,Sherise
drive1,Sigrid
admin21,Soo
mark5,Stefan
admin6,Takako
stud41,Tameka
admin25,Tangela
admin17,Teresa
teach26,Teressa
part12,Thad
stud24,Thelma
admin18,Theo
teach40,Theodore
part6,Thomasena
admin30,Tiffiny
mark7,Tora
stud15,Tyree
teach8,Verda
teach43,Verla
part15,Veta
admin50,Virgina
mark9,Waneta
admin7,Williemae
admin44,Willis
teach36,Xiomara
teach13,Yahaira
teach47,Yajaira
admin33,Yesenia
enco4,Yuri
admin22,Zulma
